<?xml version="1.0" encoding="UTF-8" standalone="yes"?>
<addon id="plugin.program.2FortheCurveWizard" name="2FortheCurve Wizard" version="0.0.1" provider-name="2FortheCurve">
  <requires>
    <import addon="xbmc.python" version="2.1.0"/>
  </requires>
  <extension point="xbmc.python.pluginsource" library="default.py">
    <provides>executable</provides>
  </extension>
  <extension point="xbmc.service" library="startup.py" start="startup" />
  <extension point="xbmc.addon.metadata">
    <summary lang="en">2FortheCurve Wizard</summary>
    <description lang="en">2FortheCurve build installer and maintenance tool.</description>
    <platform>all</platform>
  </extension>
</addon>